날짜,제품명,카테고리,별점,리뷰텍스트,감성,키워드
2026-06-01,CloudTask Pro,프로젝트관리,5,팀 협업이 정말 수월해졌어요. 기존 엑셀로 하던 작업을 자동화할 수 있어서 시간이 정말 많이 절약됩니다. UI도 직관적이라 직원들이 금방 적응했습니다.,긍정,협업/자동화/효율성
2026-06-01,CloudTask Pro,프로젝트관리,4,대부분 좋은데 모바일 앱이 좀 느립니다. 데스크톱에서는 빠르지만 외출 중에 모바일로 접속하면 로딩이 좀 오래 걸려요.,중립,성능/모바일/속도
2026-06-02,DataVault 365,클라우드스토리지,5,클라우드 이전 후 파일 관리가 훨씬 깔끔해졌습니다. 버전 관리 기능이 특히 도움이 되는데 실수로 삭제한 파일도 복구할 수 있어서 정말 좋습니다.,긍정,클라우드/복구/버전관리
2026-06-02,SmartMail Suite,이메일,3,이메일 자동 분류는 좋은데 가끔 중요한 메일이 스팸함에 들어갑니다. 필터 설정이 복잡해서 초보자는 어려울 것 같습니다.,중립,자동화/필터/사용성
2026-06-03,CloudTask Pro,프로젝트관리,2,최근 업데이트 이후로 가끔 데이터가 동기화 안 될 때가 있습니다. 팀 전체가 같은 문제를 겪고 있다고 하는데 아직 해결이 안 되었어요.,부정,버그/동기화/안정성
2026-06-03,CollabBoard,화이트보드,5,온라인 화이트보드로 원격 회의에서 정말 유용합니다. 그림 그리기 기능과 스티커 기능이 회의 분위기를 밝게 해줍니다.,긍정,협업/원격회의/직관성
2026-06-04,TimeTracker Pro,시간관리,4,프리랜서로 일할 때 정말 도움이 됩니다. 프로젝트별 시간 추적이 쉽고 보고서도 깔끔하게 나옵니다. 다만 요금이 조금 비싼 편입니다.,중립,시간추적/보고서/요금
2026-06-04,DataVault 365,클라우드스토리지,4,대부분 만족하는데 용량이 생각보다 빨리 찼습니다. 자동으로 오래된 파일을 정리해주는 기능이 있으면 좋을 것 같습니다.,중립,용량/자동정리/기능추가
2026-06-05,SmartMail Suite,이메일,5,이메일 검색이 정말 빠릅니다. 예전에 사용하던 메일 서비스보다 훨씬 쉽게 원하는 메일을 찾을 수 있어요.,긍정,검색/성능/효율성
2026-06-05,CRM Master,CRM,3,고객 정보 관리는 잘되는데 보고서 생성에 시간이 걸립니다. 대시보드를 커스터마이징하려면 개발자 도움이 필요한 게 아쉽니다.,중립,커스터마이징/보고서/접근성
2026-06-06,CloudTask Pro,프로젝트관리,5,팀 생산성이 눈에 띄게 늘었습니다. 자동 알림 기능 덕분에 마감을 놓치는 경우가 거의 없습니다. 정말 추천합니다.,긍정,생산성/알림/신뢰성
2026-06-06,AnalyticsHub,데이터분석,4,데이터 시각화 기능이 뛰어나지만 초기 설정이 조금 복잡합니다. 튜토리얼 영상이 더 많으면 좋겠어요.,중립,시각화/학습곡선/문서화
2026-06-07,TimeTracker Pro,시간관리,5,정말 직관적입니다. 시간 추적을 시작하고 끝내는 것이 클릭 한두 번이면 되니까 사용이 간편합니다.,긍정,직관성/간편함/UX
2026-06-07,SmartMail Suite,이메일,2,최근 업데이트 후로 특정 메일이 안 열립니다. 지원팀에 연락했는데 답변이 늦어서 불편합니다.,부정,버그/고객지원/신뢰성
2026-06-08,CollabBoard,화이트보드,4,팀 브레인스토밍 도구로 최고인데 저장된 보드를 PDF로 내보내는 기능이 없네요. 추가되면 더 좋을 것 같습니다.,중립,내보내기/기능요청
2026-06-08,CRM Master,CRM,4,고객 관리가 정말 체계적입니다. 이메일 연동도 잘 되고 영업팀의 업무 효율이 많이 올랐습니다.,긍정,통합/효율성/체계성
2026-06-09,DataVault 365,클라우드스토리지,3,보안은 좋은데 가끔 접속이 느립니다. 한국에 서버가 없는 것 같아요.,중립,보안/속도/지역성
2026-06-09,AnalyticsHub,데이터분석,5,매월 데이터를 분석하는데 이 도구 덕분에 시간이 반으로 줄었습니다. 대시보드 공유 기능도 편합니다.,긍정,분석/공유/시간절약
2026-06-10,CloudTask Pro,프로젝트관리,3,기본 기능은 좋은데 커스텀 필드가 제한적입니다. 우리 팀 특성에 맞게 더 많이 수정하고 싶은데 어렵네요.,중립,커스터마이징/유연성
2026-06-10,SmartMail Suite,이메일,4,예전 메일 서비스보다 훨씬 낫습니다. 다만 첨부파일 검색 기능이 없는 게 아쉬워요.,중립,기능부재/개선요청
2026-06-11,TimeTracker Pro,시간관리,3,좋은 앱인데 팀원들과 시간 비교 리포트가 자동으로 생성되지 않습니다. 수동으로 일일이 확인해야 해요.,중립,자동화/리포트/기능요청
2026-06-11,CollabBoard,화이트보드,5,디자인팀이 이 도구를 애용하고 있습니다. 실시간 협업이 정말 부드럽고 지연이 없어요.,긍정,협업/성능/디자인
2026-06-12,CRM Master,CRM,5,영업 프로세스 자동화 덕분에 반복 작업이 대폭 줄었습니다. ROI가 충분히 나옵니다.,긍정,자동화/ROI/효율성
2026-06-12,AnalyticsHub,데이터분석,3,고급 기능도 많지만 기본 기능만 쓰는 우리 회사에게는 너무 복잡합니다. 간단한 버전이 있으면 좋을 것 같아요.,중립,복잡성/요금/시장세분화
2026-06-13,DataVault 365,클라우드스토리지,4,공유 링크 관리가 편합니다. 외부 고객과 파일 공유할 때 유용하네요.,긍정,공유/외부협업
2026-06-13,CloudTask Pro,프로젝트관리,4,태그 기능이 정말 좋습니다. 프로젝트 필터링이 훨씬 쉬워졌어요.,긍정,필터링/사용성
2026-06-14,SmartMail Suite,이메일,5,회사에서 모두가 만족하고 있습니다. 보안도 좋고 속도도 빠르고 UI도 깔끔합니다.,긍정,보안/성능/만족도
2026-06-14,TimeTracker Pro,시간관리,4,클라이언트 청구 기능이 유용합니다. 자동으로 인보이스도 생성되네요.,긍정,청구/자동화
2026-06-15,CollabBoard,화이트보드,3,좋긴 한데 가끔 보드가 느려질 때가 있습니다. 참여자가 많아지면 더 그런 것 같아요.,중립,성능/확장성
2026-06-15,CRM Master,CRM,2,최근 가격 인상이 너무 많아서 다른 제품으로 옮길 생각 중입니다. 기능 대비 요금이 너무 비싼 것 같습니다.,부정,요금/가격정책
2026-06-16,AnalyticsHub,데이터분석,5,차트 템플릿이 정말 풍부합니다. 비즈니스 의사결정에 정말 큰 도움이 됩니다.,긍정,시각화/의사결정/템플릿
2026-06-16,DataVault 365,클라우드스토리지,5,여행 중에도 어디서든 파일에 접속할 수 있어서 정말 편합니다. 데이터도 안전해 보여요.,긍정,접근성/보안/모빌리티
2026-06-17,CloudTask Pro,프로젝트관리,3,팀이 커지면서 가격이 비싸지네요. 중소기업용 요금제가 있으면 좋을 것 같습니다.,중립,요금/확장성
2026-06-17,SmartMail Suite,이메일,4,일반적인 기능은 충분하지만 고급 필터링 옵션이 부족합니다.,중립,기능부재/고급기능
2026-06-18,TimeTracker Pro,시간관리,5,매월 생산성이 올라갑니다. 팀원들도 모두 만족하고 있어요.,긍정,생산성/만족도
2026-06-18,CollabBoard,화이트보드,4,좋긴 한데 내보내기 형식이 제한적입니다. PPT로 직접 내보낼 수 있으면 프레젠테이션이 편할 텐데요.,중립,내보내기/통합
2026-06-19,CRM Master,CRM,4,고객 데이터가 안전하게 저장되는 게 가장 마음에 듭니다. 컴플라이언스도 충족합니다.,긍정,보안/컴플라이언스
2026-06-19,AnalyticsHub,데이터분석,4,데이터 연동이 쉬워서 좋습니다. 구글 시트, 엑셀 모두 연동돼요.,긍정,통합/유연성
2026-06-20,DataVault 365,클라우드스토리지,3,가격이 조금 비싼 것 같습니다. 무료 플랜도 있지만 용량이 너무 적어요.,중립,요금/용량/가성비
2026-06-20,CloudTask Pro,프로젝트관리,4,워크플로우 자동화 기능이 유용합니다. 수동 작업이 정말 많이 줄었어요.,긍정,자동화/효율성
2026-06-21,SmartMail Suite,이메일,3,일반적으로 만족하지만 한국 고객지원이 약한 것 같습니다. 응답 시간이 오래 걸립니다.,중립,고객지원/지역화
2026-06-21,TimeTracker Pro,시간관리,5,우리 회사 모든 팀이 사용하고 있습니다. 가성비 최고입니다.,긍정,가성비/확산/신뢰성
2026-06-22,CollabBoard,화이트보드,5,원격 회의의 필수 도구가 됐습니다. 팀 창의력이 눈에 띄게 높아졌어요.,긍정,창의성/협업/필수도구
2026-06-22,CRM Master,CRM,3,통합이 잘되긴 하는데 API 문서가 불친절합니다. 개발팀이 힘들어합니다.,중립,개발경험/문서화
2026-06-23,AnalyticsHub,데이터분석,3,강력한 도구지만 학습곡선이 가파릅니다. 초보자용 가이드가 더 필요해요.,중립,학습곡선/교육자료
2026-06-23,DataVault 365,클라우드스토리지,4,팀 협업에 최적화되어 있습니다. 권한 관리도 세밀하게 할 수 있어요.,긍정,협업/권한관리
2026-06-24,CloudTask Pro,프로젝트관리,2,사용자가 늘어나면서 가격이 계속 올라갑니다. 고정 요금제가 있으면 좋겠어요.,부정,요금/가격정책/비용
2026-06-24,SmartMail Suite,이메일,5,팀 이메일 통합 관리가 정말 쉽습니다. 바꿀 생각이 없어요.,긍정,통합/관리/만족도
2026-06-25,TimeTracker Pro,시간관리,4,유용한 도구지만 클라이언트와의 청구 프로세스를 자동화했으면 좋을 것 같습니다.,중립,청구/자동화/개선요청
2026-06-25,CollabBoard,화이트보드,4,협업 도구로 훌륭하지만 버전 관리 기능이 있으면 더 좋을 것 같아요.,중립,버전관리/기능요청
2026-06-26,CRM Master,CRM,5,영업팀의 필수 도구가 됐습니다. 파이프라인 관리가 정말 체계적입니다.,긍정,파이프라인/체계성/필수도구
2026-06-26,AnalyticsHub,데이터분석,4,대시보드 공유 기능이 정말 좋습니다. 임원진도 쉽게 이해할 수 있어요.,긍정,공유/직관성/이해도
2026-06-27,DataVault 365,클라우드스토리지,3,좋은 서비스인데 한국 고객지원이 약해서 문제 해결이 오래 걸립니다.,중립,고객지원/응답시간
2026-06-27,CloudTask Pro,프로젝트관리,4,템플릿 기능이 정말 유용합니다. 새 프로젝트 시작이 훨씬 빨라졌어요.,긍정,템플릿/효율성
2026-06-28,SmartMail Suite,이메일,4,전체적으로 만족하지만 개인화 옵션이 더 많으면 좋을 것 같습니다.,중립,개인화/커스터마이징
2026-06-28,TimeTracker Pro,시간관리,3,좋은 앱인데 오프라인 모드가 없어서 인터넷이 끊기면 불편합니다.,중립,오프라인/기능부재
